{"cameraMode":{"drawMode":0,"name":"Shaded","section":"Shading Mode"},"sceneLighting":true,"audioPlay":false,"sceneViewState":{"m_AlwaysRefresh":false,"showFog":true,"showSkybox":true,"showFlares":true,"showImageEffects":true,"showParticleSystems":true,"showVisualEffectGraphs":true,"m_FxEnabled":true},"in2DMode":false,"pivot":{"x":-1.420659065246582,"y":1.7285089492797852,"z":0.14733648300170899},"rotation":{"x":-0.17789599299430848,"y":-0.28894472122192385,"z":0.05473388731479645,"w":-0.9390842914581299},"size":6.038957118988037,"orthographic":true}